name,product_type,availability,price,original_price,discount_amount,discount_percentage,has_discount,buen_fin_discount,black_friday_discount,image,reviews_count,rating,search_type,date
"Samsung Celular Galaxy M15 5G Azul Claro 4GB RAM 128GB, Nacional con Garantía",smartphone,Available,2475.23,3999.0,1523.77,38.1,Yes,False,False,https://m.media-amazon.com/images/I/61dqezq8ZVL._AC_UL320_.jpg,317.0,4.6,Samsung,2024-12-12
"Samsung Celular Galaxy M55 5G Verde 8GB RAM 128GB, Nacional con Garantía",smartphone,Available,4997.07,7999.0,3001.93,37.53,Yes,False,False,https://m.media-amazon.com/images/I/61NGj+turzL._AC_UL320_.jpg,77.0,4.4,Samsung,2024-12-12
SAMSUNG Smartphone A05 4+128GB LTE Negro Dual SIM,smartphone,Available,1969.0,2999.0,1030.0,34.34,Yes,False,False,https://m.media-amazon.com/images/I/61UjBLFlH2L._AC_UL320_.jpg,160.0,4.3,Samsung,2024-12-12
"SAMSUNG Celular Galaxy M35 5G Azul Claro 6GB RAM 128GB, Nacional con Garantía",smartphone,Available,4199.0,5499.0,1300.0,23.64,Yes,False,False,https://m.media-amazon.com/images/I/61n3Td68iIL._AC_UL320_.jpg,73.0,4.7,Samsung,2024-12-12
"Samsung Celular Galaxy A55 5G Negro 8GB RAM 256GB, Nacional con Garantía",smartphone,Available,7499.0,8999.0,1500.0,16.67,Yes,False,False,https://m.media-amazon.com/images/I/61COp0E7UxL._AC_UL320_.jpg,86.0,4.5,Samsung,2024-12-12
SAMSUNG Galaxy A35 8GB 256GB 5G Negro,smartphone,Available,5407.0,5407.0,0.0,0.0,No,False,False,https://m.media-amazon.com/images/I/61ljRHkT8DL._AC_UL320_.jpg,25.0,4.3,Samsung,2024-12-12
"SAMSUNG Galaxy A06 Negro 4GB RAM 64GB, Nacional con Garantía",smartphone,Available,1829.0,2599.0,770.0,29.63,Yes,False,False,https://m.media-amazon.com/images/I/61Kpp0oa8kL._AC_UL320_.jpg,3.0,4.2,Samsung,2024-12-12
"SAMSUNG Galaxy S24 FE 5G Grafito 8GB RAM 256GB, AI, Nacional con Garantía",smartphone,Available,11829.09,15499.0,3669.91,23.68,Yes,False,False,https://m.media-amazon.com/images/I/51+38FqDMGL._AC_UL320_.jpg,9.0,5.0,Samsung,2024-12-12
"SAMSUNG Celular Galaxy A25 5G 8GB 256GB 6.5"" FHD+ 120 Hz 50 MP Blue Black",smartphone,Available,4199.0,4199.0,0.0,0.0,No,False,False,https://m.media-amazon.com/images/I/61RVVxjv26L._AC_UL320_.jpg,56.0,4.4,Samsung,2024-12-12
"Samsung Celular Galaxy A35 5G Azul Claro 6GB RAM 128GB, Nacional con Garantía",smartphone,Available,5499.0,6299.0,800.0,12.7,Yes,False,False,https://m.media-amazon.com/images/I/61DJLqLXDQL._AC_UL320_.jpg,54.0,4.5,Samsung,2024-12-12
Samsung Galaxy A05S 4GB 128GB Violeta,smartphone,Available,2999.0,2999.0,0.0,0.0,No,False,False,https://m.media-amazon.com/images/I/61+CTd3mcvL._AC_UL320_.jpg,12.0,4.1,Samsung,2024-12-12
SAMSUNG Celular Galaxy S23 128GB Rosa Claro,smartphone,Available,10999.0,15999.0,5000.0,31.25,Yes,False,False,https://m.media-amazon.com/images/I/61gpxn8wtoL._AC_UL320_.jpg,86.0,4.7,Samsung,2024-12-12
"Samsung Smart TV 50"" 4K Crystal UHD (UN50DU8000FXZX)",tv,Available,7895.0,14284.0,6389.0,44.73,Yes,False,False,https://m.media-amazon.com/images/I/61QkKCod-DL._AC_UL320_.jpg,16.0,5.0,Samsung,2024-12-12
"SAMSUNG Audifonos inalámbricos Galaxy Buds3 Grafito, AI, Nacional con Garantía",watch,Available,1899.0,2499.0,600.0,24.01,Yes,False,False,https://m.media-amazon.com/images/I/51+2Ehf-RrL._AC_UL320_.jpg,133.0,4.3,Samsung,2024-12-12
Samsung Galaxy Tab A9 4GB_64GB Color Gris,tablet,Available,2899.0,2899.0,0.0,0.0,No,False,False,https://m.media-amazon.com/images/I/5169txVgFWL._AC_UL320_.jpg,662.0,4.6,Samsung,2024-12-12
Samsung Smartphone Galaxy A15 4G 6GB 128GB Negro Desbloqueado,smartphone,Available,3799.0,3799.0,0.0,0.0,No,False,False,https://m.media-amazon.com/images/I/51jYEf9XY2L._AC_UL320_.jpg,0.0,,Samsung,2024-12-12
"SAMSUNG Galaxy S24, Negro Onyx, 8GB_256GB",smartphone,Available,13699.0,20999.0,7300.0,34.76,Yes,False,False,https://m.media-amazon.com/images/I/31V5EzaTsVL._AC_UL320_.jpg,38.0,4.2,Samsung,2024-12-12
Samsung Galaxy A55 5G Color Violeta Claro RAM 8GB_128GB l Internacional,smartphone,Available,6807.69,6807.69,0.0,0.0,No,False,False,https://m.media-amazon.com/images/I/51i4ME0cxeL._AC_UL320_.jpg,43.0,4.1,Samsung,2024-12-12
SAMSUNG Galaxy A55 8GB 128GB 5G Violeta,smartphone,Available,6895.0,6895.0,0.0,0.0,No,False,False,https://m.media-amazon.com/images/I/611aVBz8yOL._AC_UL320_.jpg,6.0,3.9,Samsung,2024-12-12
"SAMSUNG Galaxy A15 4g Blue / 4+128gb / 6.5"" Amoled 90hz Full HD+",smartphone,Available,3110.0,3110.0,0.0,0.0,No,False,False,https://m.media-amazon.com/images/I/61cl1NEIrdL._AC_UL320_.jpg,1022.0,4.4,Samsung,2024-12-12
QEXWSZS ML-D3470A Cartucho de Tóner Compatible para Samsung Reemplazos ML-D3470A Compatible para Samsung ML-3470D 3471ND,another,Available,1141.0,1141.0,0.0,0.0,No,False,False,https://m.media-amazon.com/images/I/71f4gj3WzTL._AC_UL320_.jpg,0.0,,Samsung,2024-12-12
QEXWSZS MLT-K706S Cartucho de Tóner Compatible para Samsung Reemplazos MLT-K706S Compatible para Samsung K7400LX K7500LX K7600LX,another,Available,2901.0,2901.0,0.0,0.0,No,False,False,https://m.media-amazon.com/images/I/71FFCl0ncSL._AC_UL320_.jpg,0.0,,Samsung,2024-12-12
QEXWSZS MLT-D704S Cartucho de Tóner Compatible para Samsung Reemplazos MLT-D704S Compatible para Samsung K3250NR K3300NR,another,Available,1681.0,1681.0,0.0,0.0,No,False,False,https://m.media-amazon.com/images/I/715wGgLWr3L._AC_UL320_.jpg,0.0,,Samsung,2024-12-12
"QEXWSZS CLT-K804S Cartucho de Tóner Compatible para Samsung Reemplazos CLT-K804S Compatible para Samsung X3220NR X3280NR,Combination",another,Available,9526.99,9526.99,0.0,0.0,No,False,False,https://m.media-amazon.com/images/I/71QvmJv+WBL._AC_UL320_.jpg,0.0,,Samsung,2024-12-12
SAMSUNG Galaxy A05S 4GB 128GB Negro,smartphone,Available,2799.0,2799.0,0.0,0.0,No,False,False,https://m.media-amazon.com/images/I/61Srqk5BnTL._AC_UL320_.jpg,30.0,4.2,Samsung,2024-12-12
"SAMSUNG - Galaxy S21 Ultra G998U 5G, smartphone Android totalmente desbloqueado, versión de EE.UU., cámara de grado profesional, video 8K, 108 MP, 128 GB - Negro fantasma (reacondicionado)",smartphone,Available,6947.84,6947.84,0.0,0.0,No,False,False,https://m.media-amazon.com/images/I/61dlAm9BpqL._AC_UL320_.jpg,2499.0,3.9,Samsung,2024-12-12
"SAMSUNG Galaxy Tab A9+, 8GB RAM, 128GB, Color Gris Grafito",tablet,Available,3990.0,4499.0,509.0,11.31,Yes,False,False,https://m.media-amazon.com/images/I/5128CkYTp5L._AC_UL320_.jpg,516.0,4.6,Samsung,2024-12-12
"SAMSUNG Celular Galaxy A15 Negro 4GB RAM 128GB, Nacional con Garantía",smartphone,Available,3398.0,3599.0,201.0,5.58,Yes,False,False,https://m.media-amazon.com/images/I/51mRnMaCDpL._AC_UL320_.jpg,108.0,4.5,Samsung,2024-12-12
"Samsung Adaptador de Corriente USB-C de 25W, Compacto, Negro",another,Available,319.0,399.0,80.0,20.05,Yes,False,False,https://m.media-amazon.com/images/I/51A6-bPbXGL._AC_UL320_.jpg,541.0,4.8,Samsung,2024-12-12
"Samsung Galaxy A15 Dual Sim 128GB Light Blue 6GB Ram Desbloqueado 6.5""",smartphone,Available,3399.0,4000.0,601.0,15.02,Yes,False,False,https://m.media-amazon.com/images/I/51rp0nqaPoL._AC_UL320_.jpg,1187.0,4.6,Samsung,2024-12-12
SAMSUNG Galaxy A55 8GB 256GB 5G Negro,smartphone,Available,7894.0,7894.0,0.0,0.0,No,False,False,https://m.media-amazon.com/images/I/614AjVGG4FL._AC_UL320_.jpg,13.0,4.2,Samsung,2024-12-12
SAMSUNG Galaxy A55 8Gb 128Gb 5g Negro,smartphone,Available,6974.0,7499.0,525.0,7.0,Yes,False,False,https://m.media-amazon.com/images/I/614AjVGG4FL._AC_UL320_.jpg,14.0,5.0,Samsung,2024-12-12
"Galaxy Z Flip4 128GB ROM 8GB ram Negro | Resistente AL Agua | 6.7"" AMOLED y 1.9"" Super AMOLED | Cámara Trasera 12.0 MP + 12.0 MP Frontal 10.0 MP Desbloqueado de fábrica",smartphone,Available,7299.0,7299.0,0.0,0.0,No,False,False,https://m.media-amazon.com/images/I/61js4LXwIRL._AC_UL320_.jpg,1.0,5.0,Samsung,2024-12-12
"SAMUNG Pantalla Led 75"" Procesador Crystal 4K, SmartThings Mod.UN75CU7000DXZA RENOVADO (75"")",another,Available,15500.0,15500.0,0.0,0.0,No,False,False,https://m.media-amazon.com/images/I/61TMAyFBSmL._AC_UL320_.jpg,4.0,3.8,Samsung,2024-12-12
Samsung Galaxy A15 (A155) Dual LTE 128GB 6GB RAM Negro,smartphone,Available,3399.0,3399.0,0.0,0.0,No,False,False,https://m.media-amazon.com/images/I/41AmmeD4ypL._AC_UL320_.jpg,20.0,4.5,Samsung,2024-12-12
"Samsung Galaxy S22 Ultra, 5G, desbloqueado de fábrica 128GB, SM-S908U1 (reacondicionado) (borgoña)",smartphone,Available,9229.0,9229.0,0.0,0.0,No,False,False,https://m.media-amazon.com/images/I/61bteKquOYL._AC_UL320_.jpg,366.0,3.7,Samsung,2024-12-12
Samsung Galaxy Tab S6 Lite 2024 Color Verde Claro RAM 4GB 128GB,tablet,Out of Stock,,0.0,525.0,7.0,Yes,False,False,https://m.media-amazon.com/images/I/51HiuV7NFdL._AC_UL320_.jpg,366.0,4.5,Samsung,2024-12-12
"Samsung Galaxy S20 5G, 128 GB, gris cósmicocompletamente desbloqueado (Reacondicionado)",smartphone,Available,4547.0,4547.0,0.0,0.0,No,False,False,https://m.media-amazon.com/images/I/61uy0v+43CL._AC_UL320_.jpg,5981.0,4.2,Samsung,2024-12-12
"Samsung Galaxy S21 5G, versión estadounidense, 128 GB, Phantom Gray - desbloqueado (Reacondicionado)",smartphone,Available,5499.0,5499.0,0.0,0.0,No,False,False,https://m.media-amazon.com/images/I/61XyNdmvr6L._AC_UL320_.jpg,6225.0,4.0,Samsung,2024-12-12
SAMSUNG Galaxy A06 4GB 128GB Azul,smartphone,Available,2389.0,2389.0,0.0,0.0,No,False,False,https://m.media-amazon.com/images/I/41ufMoRD0oL._AC_UL320_.jpg,0.0,,Samsung,2024-12-12
"SAMSUNG Galaxy S22 Ultra Smartphone, 512GB, 8K Camera & Video, Brightest Display, S Pen, Phantom Black (Reacondicionado)",smartphone,Available,11450.68,11450.68,0.0,0.0,No,False,False,https://m.media-amazon.com/images/I/613Fp7fknhL._AC_UL320_.jpg,485.0,4.0,Samsung,2024-12-12
Celular Poco C65 Blue 8GB RAM 256GB ROM,smartphone,Available,2490.0,2999.0,509.0,16.97,Yes,False,False,https://m.media-amazon.com/images/I/513DQGmivPL._AC_UL320_.jpg,1994.0,4.6,Samsung,2024-12-12
"Eynshoo Cargador Tipo C, Cargador 45W Carga Rápida, para Galaxy S24 Ultra/S24+/S24/S23 Ultra/S23+/S23/S22+/S22/S21+/Note 10+/Note 20/S20, Galaxy Tab S10/S9/S8, con un Cable de 1,8mtr",tablet,Available,183.91,249.0,65.09,26.14,Yes,False,False,https://m.media-amazon.com/images/I/51tZmKyzHKL._AC_UL320_.jpg,218.0,4.5,Samsung,2024-12-12
Samsung Pantalla LED Smart TV 65 Pulgadas Crystal 4K UHD UN-65DU7010,tv,Available,10809.0,10809.0,0.0,0.0,No,False,False,https://m.media-amazon.com/images/I/4159NqfYg0L._AC_UL320_.jpg,0.0,,Samsung,2024-12-12
SAMSUNG Smartphone Galaxy A15 4G 6GB 128GB Azul Cielo Desbloqueado,smartphone,Available,4127.64,4127.64,0.0,0.0,No,False,False,https://m.media-amazon.com/images/I/51L6trDjdXL._AC_UL320_.jpg,7.0,3.7,Samsung,2024-12-12
"SAMSUNG Audifonos inalámbricos Galaxy Buds3 Pro Blanco, AI, Nacional con Garantía",another,Available,2999.0,3599.0,600.0,16.67,Yes,False,False,https://m.media-amazon.com/images/I/21wN+w1CddL._AC_UL320_.jpg,2.0,4.0,Samsung,2024-12-12
"Samsung Galaxy A05 Verde Claro, 4GB_64GB l Internacional",smartphone,Available,2052.0,2052.0,0.0,0.0,No,False,False,https://m.media-amazon.com/images/I/71gwC+4xZSL._AC_UL320_.jpg,55.0,4.4,Samsung,2024-12-12
"SAMSUNG Galaxy Tab A9+ Plata 8GB RAM 128GB, Nacional con Garantía",tablet,Available,4369.0,4369.0,0.0,0.0,No,False,False,https://m.media-amazon.com/images/I/51hk7s97ZNL._AC_UL320_.jpg,243.0,4.6,Samsung,2024-12-12
"Samsung Galaxy A15 Dual Sim 128GB Blue Black 6GB Ram Desbloqueado 6.5""",smartphone,Available,3389.0,3389.0,0.0,0.0,No,False,False,https://m.media-amazon.com/images/I/515zGEaozeL._AC_UL320_.jpg,723.0,4.5,Samsung,2024-12-12
"Samsung Smart TV 55"" 4K Crystal UHD (UN55DU7000FXZX)",tv,Available,7989.0,9999.0,2010.0,20.1,Yes,False,False,https://m.media-amazon.com/images/I/61r48OQOc+L._AC_UL320_.jpg,114.0,4.5,Samsung,2024-12-12
Samsung Smartphone A25 8+256GB 5G Azul Dual SIM,smartphone,Out of Stock,,0.0,2010.0,20.1,Yes,False,False,https://m.media-amazon.com/images/I/51i2bWQ8xxL._AC_UL320_.jpg,119.0,4.0,Samsung,2024-12-12
"Anker Nano Power Bank con Conector USB-C Integrado, Cargador portátil de 5000 mAh de 22,5 W, para iPhone 16/15 Series, Samsung, iPad Pro/Air y más",smartphone,Available,498.94,699.0,200.06,28.62,Yes,False,False,https://m.media-amazon.com/images/I/71vk828YYjL._AC_UL320_.jpg,7291.0,4.3,Samsung,2024-12-12
"QEXWSZS CLT-K604L Cartucho de Tóner Compatible para Samsung Reemplazos CLT-K604L Compatible para Samsung C4012ND C4062FX,Combination",another,Available,14726.99,14726.99,0.0,0.0,No,False,False,https://m.media-amazon.com/images/I/71LhOJ70kvL._AC_UL320_.jpg,0.0,,Samsung,2024-12-12
QEXWSZS SCX-4100D3 Cartucho de Tóner Compatible para Samsung Reemplazos SCX-4100D3 Compatible para Samsung SCX-4100 4150,another,Available,1101.0,1101.0,0.0,0.0,No,False,False,https://m.media-amazon.com/images/I/71lmd0NyKLL._AC_UL320_.jpg,0.0,,Samsung,2024-12-12
QEXWSZS SF-D560RA Cartucho de Tóner Compatible para Samsung Reemplazos SF-D560RA Compatible para Samsung SF-560R 560RC 565PR 565PRC,another,Available,1101.0,1101.0,0.0,0.0,No,False,False,https://m.media-amazon.com/images/I/71z8dRHbM+L._AC_UL320_.jpg,0.0,,Samsung,2024-12-12
Cartuchos de tóner MLT-D708S con Chip de Repuesto para Samsung MLT-D708S Cartucho de tóner Funciona con Impresora para Samsung MLT-D708S,another,Available,1095.99,1095.99,0.0,0.0,No,False,False,https://m.media-amazon.com/images/I/71wfCIf7A9L._AC_UL320_.jpg,0.0,,Samsung,2024-12-12
QEXWSZS MLT-D708S Cartucho de Tóner Compatible para Samsung Reemplazos MLT-D708S Compatible para Samsung K4300LX K4350LX K4250RX,another,Available,1201.0,1201.0,0.0,0.0,No,False,False,https://m.media-amazon.com/images/I/71cG5X2PVCL._AC_UL320_.jpg,0.0,,Samsung,2024-12-12
"Bigqin 3 Piezas Pantalla Protector Compatible Con Samsung Galaxy Tab A9 8.7"" SM-X110 SM-X115, 9H Película Cristal Vidrio Templado HD Transparente Resistente Los Arañazos",tablet,Available,177.54,208.88,31.34,15.0,Yes,False,False,https://m.media-amazon.com/images/I/71JmMth8eEL._AC_UL320_.jpg,34.0,4.3,Samsung,2024-12-12
QEXWSZS MLT-D303E Cartucho de Tóner Compatible para Samsung Reemplazos MLT-D303E Compatible para Samsung SL-M4580FX,another,Available,2501.0,2501.0,0.0,0.0,No,False,False,https://m.media-amazon.com/images/I/71oghmmOMtL._AC_UL320_.jpg,0.0,,Samsung,2024-12-12
Cartuchos de Tóner MLT-D205L con Chip de Repuesto para Samsung MLT-D205L el Tóner Funciona con Las Impresoras para Samsung MLT-D205L,another,Available,989.99,989.99,0.0,0.0,No,False,False,https://m.media-amazon.com/images/I/716VUO5zZ1L._AC_UL320_.jpg,0.0,,Samsung,2024-12-12
"SAMSUNG Galaxy S24 FE 5G Menta 8GB RAM 256GB, AI, Nacional con Garantía",smartphone,Available,11999.0,15499.0,3500.0,22.58,Yes,False,False,https://m.media-amazon.com/images/I/511NKNAepvL._AC_UL320_.jpg,0.0,,Samsung_S23,2024-12-12
"SAMSUNG Galaxy S24 +, Gris Marmol, 12GB_512GB",smartphone,Available,14999.0,23999.0,9000.0,37.5,Yes,False,False,https://m.media-amazon.com/images/I/31BH6QLbk9L._AC_UL320_.jpg,40.0,4.1,Samsung_S23,2024-12-12
SAMSUNG Celular Galaxy S23 128GB Rosa Claro,smartphone,Available,10959.0,15999.0,5040.0,31.5,Yes,False,False,https://m.media-amazon.com/images/I/61gpxn8wtoL._AC_UL320_.jpg,86.0,4.7,Samsung_S23,2024-12-12
SAMSUNG Galaxy S23 Fe Dual 256 GB 8 Ram Graphite,smartphone,Available,9799.0,9799.0,0.0,0.0,No,False,False,https://m.media-amazon.com/images/I/61Oe73AkimL._AC_UL320_.jpg,15.0,3.9,Samsung_S23,2024-12-12
Samsung Galaxy S23 8GB_256GB Lavanda Desbloqueado (Reacondicionado),smartphone,Available,10499.0,10499.0,0.0,0.0,No,False,False,https://m.media-amazon.com/images/I/619Zn+R0WbL._AC_UL320_.jpg,320.0,4.1,Samsung_S23,2024-12-12
"SAMSUNG Galaxy S24 +, Gris Marmol, 12GB_512GB",smartphone,Available,14999.0,23999.0,9000.0,37.5,Yes,False,False,https://m.media-amazon.com/images/I/31BH6QLbk9L._AC_UL320_.jpg,40.0,4.1,Samsung_S23,2024-12-12
"Samsung Galaxy S23 5G (128 GB, 8 GB) 6.1"" AMOLED 2X, cámara 50MP, Global Volte, desbloqueado para todas las compañías, Negro Phantom (Reacondicionado)",smartphone,Available,9799.0,9799.0,0.0,0.0,No,False,False,https://m.media-amazon.com/images/I/51rn1JNGsvL._AC_UL320_.jpg,152.0,4.1,Samsung_S23,2024-12-12
"SAMSUNG Galaxy S24 FE 5G Grafito 8GB RAM 256GB, AI, Nacional con Garantía",smartphone,Available,11829.09,15499.0,3669.91,23.68,Yes,False,False,https://m.media-amazon.com/images/I/51+38FqDMGL._AC_UL320_.jpg,9.0,5.0,Samsung_S23,2024-12-12
"Samsung Galaxy S23 5G S9110 Dual 128GB 8GB RAM, cámara de 50 MP, Color Crema, Desbloqueado de fábrica, versión Internacional",smartphone,Out of Stock,,0.0,3669.91,23.68,Yes,False,False,https://m.media-amazon.com/images/I/51Pc+1ivsCL._AC_UL320_.jpg,78.0,4.7,Samsung_S23,2024-12-12
"Samsung Galaxy S23 FE desbloqueado de fábrica 128 GB, menta (reacondicionado)",smartphone,Available,9657.42,9657.42,0.0,0.0,No,False,False,https://m.media-amazon.com/images/I/61bU0BVICjL._AC_UL320_.jpg,22.0,4.1,Samsung_S23,2024-12-12
SAMSUNG Galaxy S23 Plus 8gb RAM 256gb ROM Crema 5G | Desbloqueado | 6.6” AMOLED | Dual Sim Cámara Trasera 50 MP + 10 MP + 12 MP Cámara Frontal 12 MP (Reacondicionado),smartphone,Available,11799.0,11799.0,0.0,0.0,No,False,False,https://m.media-amazon.com/images/I/61rFuAc4fkL._AC_UL320_.jpg,5.0,5.0,Samsung_S23,2024-12-12
"JETech 5 en 1 Funda Mate para Samsung Galaxy S23 6.1 Pulgadas con 2 Protector Pantalla y 2 Protector Lente Cámara, Carcasa Trasera Protectora Translúcida, Mica Cristal Vidrio Templado (Lila)",case,Available,309.0,309.0,0.0,0.0,No,False,False,https://m.media-amazon.com/images/I/61u0Mc+qTdL._AC_UL320_.jpg,3522.0,4.5,Samsung_S23,2024-12-12
"SAMSUNG Galaxy S22 Ultra 5G Desbloqueado, 128GB, Negro (Reacondicionado)",smartphone,Available,10416.68,11271.02,854.34,7.58,Yes,False,False,https://m.media-amazon.com/images/I/613Fp7fknhL._AC_UL320_.jpg,1259.0,3.7,Samsung_S23,2024-12-12
SAMSUNG Galaxy S23 Ultra 5G Desbloqueado de fábrica 512GB - Ultra Lime (reacondicionado),smartphone,Out of Stock,,0.0,854.34,7.58,Yes,False,False,https://m.media-amazon.com/images/I/41lj9KPfHXL._AC_UL320_.jpg,102.0,4.4,Samsung_S23,2024-12-12
SAMSUNG Galaxy S23 FE 128GB Grafito (Reacondicionado),smartphone,Available,9087.0,9087.0,0.0,0.0,No,False,False,https://m.media-amazon.com/images/I/71iQPXoiWYL._AC_UL320_.jpg,127.0,4.3,Samsung_S23,2024-12-12
"Samsung Celular Galaxy S23 FE Menta 8GB RAM 256GB, AI, Internacional sin Garantia",smartphone,Out of Stock,,0.0,854.34,7.58,Yes,False,False,https://m.media-amazon.com/images/I/61ioq65ekyL._AC_UL320_.jpg,53.0,4.3,Samsung_S23,2024-12-12
"SwanScout Estación de Carga para Samsung S24/Watch Ultra, Cargador Inalámbrico 3 en 1 para Galaxy S24 Ultra/S23/S22/Note 20/Z Flip/Z Fold, Galaxy Watch 7/6/5/4/FE, Galaxy Buds (Sin Adaptador)",smartphone,Available,645.99,999.0,353.01,35.34,Yes,False,False,https://m.media-amazon.com/images/I/715-3UPioSL._AC_UL320_.jpg,1141.0,4.3,Samsung_S23,2024-12-12
SAMSUNG Galaxy S23 Plus 8gb RAM 256gb ROM Lavanda 5G | Desbloqueado | 6.6” AMOLED | Huella Digital | Dual Sim Cámara Trasera 50 MP + 10 MP + 12 MP Cámara Frontal 12 MP (Reacondicionado),smartphone,Available,12499.0,12499.0,0.0,0.0,No,False,False,https://m.media-amazon.com/images/I/61BOF86+PRL._AC_UL320_.jpg,0.0,,Samsung_S23,2024-12-12
SAMSUNG- Galaxy S23 Ultra 5G Desbloqueado de fábrica de 256 GB - Verde (renovado),smartphone,Available,16880.18,16880.18,0.0,0.0,No,False,False,https://m.media-amazon.com/images/I/51mXHdm9jHL._AC_UL320_.jpg,143.0,3.9,Samsung_S23,2024-12-12
"Samsung Celular Galaxy M15 5G Azul Claro 4GB RAM 128GB, Nacional con Garantía",smartphone,Available,2475.23,3999.0,1523.77,38.1,Yes,False,False,https://m.media-amazon.com/images/I/61dqezq8ZVL._AC_UL320_.jpg,317.0,4.6,Samsung_S23,2024-12-12
"SAMSUNG Celular Galaxy Z Fold 6 Silver Shadow 12GB RAM 512GB, AI, Nacional con Garantía",smartphone,Available,32999.0,45999.0,13000.0,28.26,Yes,False,False,https://m.media-amazon.com/images/I/51yxZN6N5vL._AC_UL320_.jpg,1.0,5.0,Samsung_S23,2024-12-12
"SAMSUNG Celular Galaxy M35 5G Azul obscuro 6GB RAM 128GB, Nacional con Garantía",smartphone,Available,4199.0,5499.0,1300.0,23.64,Yes,False,False,https://m.media-amazon.com/images/I/613aL6vxQGL._AC_UL320_.jpg,71.0,4.5,Samsung_S23,2024-12-12
"Samsung Celular Galaxy A55 5G Violeta 8GB RAM 128GB, Nacional con Garantía",smartphone,Available,5932.94,7999.0,2066.06,25.83,Yes,False,False,https://m.media-amazon.com/images/I/61r0a2fq+HL._AC_UL320_.jpg,99.0,4.6,Samsung_S23,2024-12-12
"RUBOQE Cargador para Samsung 45W Tipo C, Cargador Carga Rapida con 1M Cable, Cargador rápido USB C para Samsung Galaxy S23 Ultra/S23/S23+/S22/S22 Ultra/S22+/Note10/Note 20/S20/S21/S10",smartphone,Available,258.99,399.0,140.01,35.09,Yes,False,False,https://m.media-amazon.com/images/I/51DZ6gjE9IL._AC_UL320_.jpg,361.0,4.6,Samsung_S23,2024-12-12
"Cargador Inalámbrico 3 en 1 para Samsung/iPhone, Cargador para Samsung S24/S23 Ultra/S22 Ultra/S23/S23+/Z Fold 4/Flip 4/S22, Cargador para Galaxy Watch 6/5/5 Pro/4, Estación de Carga Buds (Negro)",smartphone,Available,719.99,719.99,0.0,0.0,No,False,False,https://m.media-amazon.com/images/I/61APoCSL6FL._AC_UL320_.jpg,101.0,4.2,Samsung_S23,2024-12-12
"SAMSUNG Galaxy S23 5G SM-S911B/DS 128GB 8GB RAM, cámara de 50 MP, desbloqueado de fábrica - Phantom Black",smartphone,Available,15500.0,15500.0,0.0,0.0,No,False,False,https://m.media-amazon.com/images/I/61yUiD1CVML._AC_UL320_.jpg,97.0,4.4,Samsung_S23,2024-12-12
"Cargador inalámbrico para Samsung, estación de Carga inalámbrica 3 en 1 para Samsung Galaxy S24 Ultra/S23/S22/Z Flip 6/Z Fold 6, Cargador para Samsung Galaxy Watch 5/4/3, Galaxy Buds 2/Pro/+",smartphone,Available,759.99,759.99,0.0,0.0,No,False,False,https://m.media-amazon.com/images/I/61VSKA16Y9L._AC_UL320_.jpg,5619.0,4.4,Samsung_S23,2024-12-12
Samsung Galaxy Tab A9 4GB_64GB Color Gris,tablet,Available,2850.0,2850.0,0.0,0.0,No,False,False,https://m.media-amazon.com/images/I/5169txVgFWL._AC_UL320_.jpg,662.0,4.6,Samsung_S23,2024-12-12
Samsung Galaxy S23+ Plus (5G) 512GB SIM única desbloqueada - Phantom Black (renovado),smartphone,Out of Stock,,0.0,140.01,35.09,Yes,False,False,https://m.media-amazon.com/images/I/510Zms0LUQL._AC_UL320_.jpg,32.0,4.4,Samsung_S23,2024-12-12
"Samsung Galaxy S23 Ultra - Lápiz capacitivo de repuesto para bolígrafo S, color negro",smartphone,Available,797.72,797.72,0.0,0.0,No,False,False,https://m.media-amazon.com/images/I/417xPSFsEyL._AC_UL320_.jpg,323.0,4.6,Samsung_S23,2024-12-12
"Samsung Galaxy S21 5G desbloqueado de fábrica Versión US 5G 8K Video, 64MP High Res128GB, Phantom Violet (SM-G991UZVAXAA) (Reacondicionado)",smartphone,Available,4458.23,4458.23,0.0,0.0,No,False,False,https://m.media-amazon.com/images/I/61hoN03CsIL._AC_UL320_.jpg,1736.0,3.9,Samsung_S23,2024-12-12
"SAMSUNG Galaxy S23+ 5G S9160 Dual 256GB 8GB RAM, cámara de 50 MP, Desbloqueado de fábrica - Phantom Black (Reacondicionado)",smartphone,Available,11799.0,11799.0,0.0,0.0,No,False,False,https://m.media-amazon.com/images/I/518c3bmlouL._AC_UL320_.jpg,4.0,4.7,Samsung_S23,2024-12-12
"Samsung Galaxy S21 5G, versión estadounidense, 128 GB, Phantom Gray - desbloqueado (Reacondicionado)",smartphone,Available,5499.0,5499.0,0.0,0.0,No,False,False,https://m.media-amazon.com/images/I/61XyNdmvr6L._AC_UL320_.jpg,6225.0,4.0,Samsung_S23,2024-12-12
"SAMSUNG Galaxy S22 Ultra Smartphone, 512GB, 8K Camera & Video, Brightest Display, S Pen, Phantom Black (Reacondicionado)",smartphone,Available,11450.68,11450.68,0.0,0.0,No,False,False,https://m.media-amazon.com/images/I/613Fp7fknhL._AC_UL320_.jpg,485.0,4.0,Samsung_S23,2024-12-12
"Tongate Funda para Samsung Galaxy S23 Ultra 5G, [Cubierta Deslizante incorporada para la cámara y Protector de Pantalla] [2 Marcos Frontales] Resistente a Golpes de Grado Militar con Soporte, Negro",case,Available,479.2,599.0,119.8,20.0,Yes,False,False,https://m.media-amazon.com/images/I/717KrxMWUNL._AC_UL320_.jpg,5540.0,4.3,Samsung_S23,2024-12-12
"Samsung Galaxy S22 (128 GB, 8 GB), pantalla de 6.2 pulgadas AMOLED 2X, cámara 4K de 50 MP (reacondicionado)",smartphone,Available,6458.58,7045.49,586.91,8.33,Yes,False,False,https://m.media-amazon.com/images/I/71c5rhsUkxL._AC_UL320_.jpg,392.0,4.0,Samsung_S23,2024-12-12
"BVILY Cargador Inalámbrico 3 en 1, Estación de Carga Inalámbrica Rapida Compatible con Galaxy S23 Ultra/S22 Ultra/S21/S20/S21 FE/Z Flip 4, Galaxy Watch 5/4/3/Active 2, Galaxy Buds 2/Buds+/Live",smartphone,Available,799.0,799.0,0.0,0.0,No,False,False,https://m.media-amazon.com/images/I/71mSFp2XhTL._AC_UL320_.jpg,26.0,4.5,Samsung_S23,2024-12-12
"JETech Funda Magnética para Samsung Galaxy S23 Ultra 5G 6.8 Pulgadas, Compatible con MagSafe, Carcasa Antigolpes Translúcida Mate Respaldo (Negro)",case,Available,278.1,309.0,30.9,10.0,Yes,False,False,https://m.media-amazon.com/images/I/61VnRAyYDGL._AC_UL320_.jpg,1524.0,4.6,Samsung_S23,2024-12-12
"XLDHYLL Cargador Tipo C, 2PCS Cargador USB C de 25W Carga Rapida con Cable Tipo C de 2M para Samsung Galaxy S23 Ultra/S23+/S23/S22 Ultra/ S22+/S22, S21 Ultra/S21/S21 Plus/S20/Note 10 +/Note",smartphone,Available,218.99,218.99,0.0,0.0,No,False,False,https://m.media-amazon.com/images/I/61Di67awGhL._AC_UL320_.jpg,11.0,3.7,Samsung_S23,2024-12-12
"JETech Protector de Pantalla para Samsung Galaxy S23 5G 6.1 Pulgadas, Mica Cristal Vidrio Templado, Compatible Huellas Dactilares ID, HD Transparente, 3 Unidades",smartphone,Available,169.14,199.0,29.86,15.01,Yes,False,False,https://m.media-amazon.com/images/I/61xlg9OeaXL._AC_UL320_.jpg,6894.0,4.5,Samsung_S23,2024-12-12
"QIKKOP 2 Cargador para Samsung 45W Tipo C, Cargador Carga Rapida con 1M Cable, Cargador USB C para Samsung Galaxy S24 Ultra/S24/S24+/S23 Ultra/S23/S23+/S22/S22 Ultra/S22+/Note10/Note 20/S20/S21",smartphone,Available,297.09,399.0,101.91,25.54,Yes,False,False,https://m.media-amazon.com/images/I/61JjJBI5JUL._AC_UL320_.jpg,73.0,4.5,Samsung_S23,2024-12-12
"amFilm (2+2 Piezas) OneTouch Compatible con Samsung Galaxy S23 Protector de Pantalla, Mica Cristal Vidrio Templado, y Protectores de Lente de Cámara, Dureza 9H con Kit de Instalación Fácil",smartphone,Available,239.0,239.0,0.0,0.0,No,False,False,https://m.media-amazon.com/images/I/61Jl4vMRCmL._AC_UL320_.jpg,1448.0,4.7,Samsung_S23,2024-12-12
Ringke Fusion Compatible con Funda Samsung Galaxy S23 5G (2023) Carcasa Transparente PC Trasera Dura con Parachoques de TPU Flexible Case - Clear,smartphone,Available,284.99,284.99,0.0,0.0,No,False,False,https://m.media-amazon.com/images/I/71VBXEMjZnL._AC_UL320_.jpg,792.0,4.4,Samsung_S23,2024-12-12
"USTIYA Funda para Samsung Galaxy S23 Transparente Case Uso Rudo Acrílico+TPU Rigido Case,Protectora de cámara, Traslúcido Matte Back Antihuellas Cover",case,Available,168.0,199.0,31.0,15.58,Yes,False,False,https://m.media-amazon.com/images/I/71VteNUoF5L._AC_UL320_.jpg,23.0,4.7,Samsung_S23,2024-12-12
"Eynshoo Cargador Tipo C, Cargador 45W Carga Rápida, para Galaxy S24 Ultra/S24+/S24/S23 Ultra/S23+/S23/S22+/S22/S21+/Note 10+/Note 20/S20, Galaxy Tab S10/S9/S8, con un Cable de 1,8mtr",tablet,Available,183.91,249.0,65.09,26.14,Yes,False,False,https://m.media-amazon.com/images/I/51tZmKyzHKL._AC_UL320_.jpg,218.0,4.5,Samsung_S23,2024-12-12
"SAMSUNG Galaxy S23 Ultra 5G SM-S918B/DS 256GB 12GB RAM, cámara de 200 MP, Desbloqueado de fábrica, Cargador inalámbrico NGP Incluido - Lavanda, SM-S918",smartphone,Available,22388.17,22388.17,0.0,0.0,No,False,False,https://m.media-amazon.com/images/I/71rjXl9tmJL._AC_UL320_.jpg,65.0,4.3,Samsung_S23,2024-12-12
"SAMSUNG Galaxy S23 8Gb Ram 128Gb ROM 5G Color Negro Desbloqueado de fábrica, versión internacional",smartphone,Out of Stock,,0.0,65.09,26.14,Yes,False,False,https://m.media-amazon.com/images/I/711UD7LyLPL._AC_UL320_.jpg,87.0,4.6,Samsung_S23,2024-12-12
Spigen Funda Case Liquid Air para Samsung Galaxy S23 (2023) - Matte Black,case,Available,299.99,299.99,0.0,0.0,No,False,False,https://m.media-amazon.com/images/I/71vmm8ochuL._AC_UL320_.jpg,4652.0,4.7,Samsung_S23,2024-12-12
TUNKARMOR Funda para Samsung Galaxy S23 Case Magnética Integrada - Incluye 2 Protectores de Pantalla [ Compatible con Carga Inalámbrica ] Funda Skin-Touch Samsung Galaxy S23,case,Available,233.1,259.0,25.9,10.0,Yes,False,False,https://m.media-amazon.com/images/I/61bC-Ibh6bL._AC_UL320_.jpg,0.0,,Samsung_S23,2024-12-12
SAMSUNG Smartphone A05 4+128GB LTE Negro Dual SIM,smartphone,Available,1969.0,2999.0,1030.0,34.34,Yes,False,False,https://m.media-amazon.com/images/I/61UjBLFlH2L._AC_UL320_.jpg,160.0,4.3,Samsung_S23,2024-12-12
"SAMSUNG Galaxy S23 Ultra 5G S9180 Dual 512GB 12GB RAM, cámara de 200 MP, Desbloqueado de fábrica, Cargador inalámbrico NGP Incluido - Lavanda",smartphone,Available,19057.69,19057.69,0.0,0.0,No,False,False,https://m.media-amazon.com/images/I/61y7x6coaTL._AC_UL320_.jpg,48.0,4.0,Samsung_S23,2024-12-12
"SAMSUNG EF-ZS918CBEGUS - Funda Protectora para teléfono Galaxy S23 Ultra S, Funda con Ranura para Tarjetas, Ventana Transparente para Usar el Touch, versión Estadounidense, Color Negro",case,Available,1152.08,1289.26,137.18,10.64,Yes,False,False,https://m.media-amazon.com/images/I/417RdF25k2L._AC_UL320_.jpg,902.0,4.7,Samsung_S23,2024-12-12
"JETech Protector de Pantalla para Samsung Galaxy S23 FE 6.4 Pulgadas, Mica Cristal Vidrio Templado, Compatible Huellas Dactilares ID, HD Transparente, 3 Unidades",smartphone,Available,169.14,199.0,29.86,15.01,Yes,False,False,https://m.media-amazon.com/images/I/71iLAHxqBnL._AC_UL320_.jpg,1372.0,4.8,Samsung_S23,2024-12-12
Samsung Galaxy S23 8GB_256GB Crema Desbloqueado,smartphone,Out of Stock,,0.0,29.86,15.01,Yes,False,False,https://m.media-amazon.com/images/I/61jeifUxvYL._AC_UL320_.jpg,75.0,4.4,Samsung_S23,2024-12-12
"Samsung Celular Galaxy M55 5G Verde 8GB RAM 128GB, Nacional con Garantía",smartphone,Available,4997.07,7999.0,3001.93,37.53,Yes,False,False,https://m.media-amazon.com/images/I/61NGj+turzL._AC_UL320_.jpg,77.0,4.4,Samsung_S23,2024-12-12
"SAMSUNG Celular Galaxy Z Flip 6 Azul Claro 12GB RAM 5125GB, AI, Nacional con Garantía",smartphone,Available,19999.0,27999.0,8000.0,28.57,Yes,False,False,https://m.media-amazon.com/images/I/510eJVItgvL._AC_UL320_.jpg,0.0,,Samsung_S23,2024-12-12
"SAMSUNG Celular Galaxy Z Flip 6 Amarillo 12GB RAM 512GB, AI, Nacional con Garantía",smartphone,Available,19999.0,27999.0,8000.0,28.57,Yes,False,False,https://m.media-amazon.com/images/I/51uu0TFBCvL._AC_UL320_.jpg,0.0,,Samsung_S23,2024-12-12
"SAMSUNG Audifonos inalámbricos Galaxy Buds3 Grafito, AI, Nacional con Garantía",watch,Available,1899.0,2499.0,600.0,24.01,Yes,False,False,https://m.media-amazon.com/images/I/51+2Ehf-RrL._AC_UL320_.jpg,133.0,4.3,Samsung_S23,2024-12-12
SAMSUNG - Reloj Galaxy Watch5 Pro 45 mm Negro Titanio,watch,Available,3812.59,9999.0,6186.41,61.87,Yes,False,False,https://m.media-amazon.com/images/I/61oIhW5c+2L._AC_UL320_.jpg,490.0,4.7,Samsung_S23,2024-12-12
"Samsung Galaxy Tab S9 Gris 12GB RAM 256GB, AI, Spen, Nacional con Garantía",tablet,Available,10999.0,12999.0,2000.0,15.39,Yes,False,False,https://m.media-amazon.com/images/I/51ESgRadC+L._AC_UL320_.jpg,643.0,4.8,Samsung_Tabs,2024-12-12
Samsung Galaxy Tab A9 4GB_64GB Color Gris,tablet,Available,2899.0,2899.0,0.0,0.0,No,False,False,https://m.media-amazon.com/images/I/5169txVgFWL._AC_UL320_.jpg,662.0,4.6,Samsung_Tabs,2024-12-12
"SAMSUNG Galaxy Tab S9 FE Gris 8GB RAM 256GB, Spen, Smart Book Cover, Nacional con Garantía",tablet,Available,7999.0,8999.0,1000.0,11.11,Yes,False,False,https://m.media-amazon.com/images/I/416-omnWfEL._AC_UL320_.jpg,1015.0,4.7,Samsung_Tabs,2024-12-12
"SAMSUNG Galaxy Tab A9+, 8GB RAM, 128GB, Color Gris Grafito",tablet,Available,3990.0,4499.0,509.0,11.31,Yes,False,False,https://m.media-amazon.com/images/I/5128CkYTp5L._AC_UL320_.jpg,516.0,4.6,Samsung_Tabs,2024-12-12
Samsung Galaxy Tab S6 Lite 2024 Color Verde Claro RAM 4GB 128GB,tablet,Out of Stock,,0.0,509.0,11.31,Yes,False,False,https://m.media-amazon.com/images/I/51HiuV7NFdL._AC_UL320_.jpg,366.0,4.5,Samsung_Tabs,2024-12-12
"SAMSUNG Galaxy Tab A9+ Plata 8GB RAM 128GB, Nacional con Garantía",tablet,Available,4499.0,4499.0,0.0,0.0,No,False,False,https://m.media-amazon.com/images/I/51hk7s97ZNL._AC_UL320_.jpg,243.0,4.6,Samsung_Tabs,2024-12-12
"Samsung Galaxy Tab S9 Gris 12GB RAM 256GB, AI, Spen, Nacional con Garantía",tablet,Available,10999.0,12999.0,2000.0,15.39,Yes,False,False,https://m.media-amazon.com/images/I/51ESgRadC+L._AC_UL320_.jpg,643.0,4.8,Samsung_Tabs,2024-12-12
"SAMSUNG Tablet Galaxy Tab A9+ 11"" 4GB 64GB Octa Core Android 13 Plata SM-X210NZSAMXO Garantia con Fabricante",tablet,Available,3099.0,3099.0,0.0,0.0,No,False,False,https://m.media-amazon.com/images/I/31-L9Nu8vjL._AC_UL320_.jpg,1.0,5.0,Samsung_Tabs,2024-12-12
"SAMSUNG Tablet Galaxy Tab A9 8.7"" 8GB 128GB Octa Core MEDIATEK Helio G99 Android 13 Gris SM-X110NZAEL06 Garantia con Fabricante",tablet,Available,3489.0,3489.0,0.0,0.0,No,False,False,https://m.media-amazon.com/images/I/41FPVH0pbUL._AC_UL320_.jpg,17.0,4.9,Samsung_Tabs,2024-12-12
"HUAWEI MatePad SE 11, 8G+128G, Tablet M-Pencil Incluido, Pantalla FullView de 11”, Superbatería de 7700 mAh, Wi-Fi/Bluetooth, Gris",tablet,Available,3799.0,5999.0,2200.0,36.67,Yes,False,False,https://m.media-amazon.com/images/I/617aqo-u5bL._AC_UL320_.jpg,108.0,4.6,Samsung_Tabs,2024-12-12
"SAMSUNG Galaxy Tab A9+ (SM-X210), 64GB 4GB RAM, solo WiFi, visualización de 11 pulgadas, versión internacional - (grafito)",tablet,Available,3099.0,3099.0,0.0,0.0,No,False,False,https://m.media-amazon.com/images/I/51RPJ0gPSXL._AC_UL320_.jpg,19.0,3.7,Samsung_Tabs,2024-12-12
"SAMSUNG- Galaxy Tab S6 Lite (2024) - Gris 10.4” 128GB WiFi Android Tablet W/s Pen, Altavoces Duales, 8MP+5MP",tablet,Available,5687.75,5687.75,0.0,0.0,No,False,False,https://m.media-amazon.com/images/I/61vsK7h3zVL._AC_UL320_.jpg,38.0,4.2,Samsung_Tabs,2024-12-12
"Lenovo Tab P12 | 12.7"" 3K | 8GB + 256GB MediaTek Dimensity 7050 | Cámara 13 MP Altavoces JBL | Android 13",tablet,Available,8999.0,10999.0,2000.0,18.18,Yes,False,False,https://m.media-amazon.com/images/I/51SF34dhsZL._AC_UL320_.jpg,94.0,4.8,Samsung_Tabs,2024-12-12
"Samsung Galaxy Tab S10 Ultra Gris 12GB RAM 256GB, AI, Spen, 1 año con Garantía",tablet,Available,17999.0,26999.0,9000.0,33.33,Yes,False,False,https://m.media-amazon.com/images/I/41LEJycnrwL._AC_UL320_.jpg,0.0,,Samsung_Tabs,2024-12-12
"Lenovo Tab M11 | 11"" WUXGA MediaTek Helio G88 8GB RAM 128GB | 4 Speakers Dolby Atmos, Cámara 8.0MP Frontal 8.0MP | Android 13, Incluye Folio Case Tab Pen Plus",tablet,Available,4027.24,4699.0,671.76,14.3,Yes,False,False,https://m.media-amazon.com/images/I/71ezLwZc4gL._AC_UL320_.jpg,97.0,4.5,Samsung_Tabs,2024-12-12
"OFGPPB Tablet Android 13 de 10pulgadas, con Teclado/ratón，Almacenamiento de 8 + 256 GB, 1920 * 1200HD IPS, cámara de 16 MP + 32 MP, CPU Snapdragon 888, 8000 mAh, WiFi/Bluetooth/GPS (Gris)",tablet,Available,1999.99,1999.99,0.0,0.0,No,False,False,https://m.media-amazon.com/images/I/71A2AO6rrlL._AC_UL320_.jpg,6.0,5.0,Samsung_Tabs,2024-12-12
"Samsung Galaxy Tab S6 Lite (2024) 10.4' 128GB WiFi Android Tablet, S Pen incluido, listo para juegos, batería de larga duración, diseño de metal delgado, almacenamiento expandible, versión de EE. UU.,",tablet,Available,6298.57,6298.57,0.0,0.0,No,False,False,https://m.media-amazon.com/images/I/71-hJGtkLWL._AC_UL320_.jpg,1048.0,4.5,Samsung_Tabs,2024-12-12
"Samsung Galaxy Tab A9+ Tablet Android de 11 pulgadas de 64 GB, visualización grande, altavoces cuádruple, chipset mejorado, visualización multiventana, delgado, ligero, diseño duradero, versión de EE.",tablet,Available,3754.09,3999.0,244.91,6.12,Yes,False,False,https://m.media-amazon.com/images/I/61d46oYQgdL._AC_UL320_.jpg,7270.0,4.5,Samsung_Tabs,2024-12-12
Tableta Galaxy-Tab-A9 8.7 INC 8GB 128 GB Silver WiFi Samsung,tablet,Available,3399.0,3399.0,0.0,0.0,No,False,False,https://m.media-amazon.com/images/I/51MTx42E4GL._AC_UL320_.jpg,25.0,4.2,Samsung_Tabs,2024-12-12
"SAMSUNG Galaxy Tab A SM-T307U| 8.4"" Pulgadas | Año 2020| 3GB RAM LPDDR4X| 32GB Almacenamiento eMMC 5.1 | Version Android 10 | (Reacondicionado)",tablet,Available,1752.0,1752.0,0.0,0.0,No,False,False,https://m.media-amazon.com/images/I/51r-5ZRADdL._AC_UL320_.jpg,0.0,,Samsung_Tabs,2024-12-12
SAMSUNG Galaxy-Z Fold4 12GB + 512GB Beige (Reacondicionado),another,Available,16490.0,16490.0,0.0,0.0,No,False,False,https://m.media-amazon.com/images/I/71+YFxl7f8L._AC_UL320_.jpg,0.0,,Samsung_Tabs,2024-12-12
"SAMSUNG Galaxy Tab S9 FE Gris 8GB RAM 256GB, Spen, Smart Book Cover, Nacional con Garantía",tablet,Available,7999.0,8999.0,1000.0,11.11,Yes,False,False,https://m.media-amazon.com/images/I/416-omnWfEL._AC_UL320_.jpg,1015.0,4.7,Samsung_Tabs,2024-12-12
SAMSUNG Galaxy S23 Plus 8GB_512GB Lavanda Desbloqueado (Reacondicionado),smartphone,Available,13290.0,13290.0,0.0,0.0,No,False,False,https://m.media-amazon.com/images/I/61BOF86+PRL._AC_UL320_.jpg,320.0,4.1,Samsung_Tabs,2024-12-12
"Samsung Galaxy Tab S10 Ultra Plata 12GB RAM 256GB, AI, Spen, 1 año con Garantía",tablet,Available,17999.0,26999.0,9000.0,33.33,Yes,False,False,https://m.media-amazon.com/images/I/412CRMhkvVL._AC_UL320_.jpg,0.0,,Samsung_Tabs,2024-12-12
"SAMSUNG Galaxy Tab S6 Lite - 10.4"", 64 GB, tableta Android con batería de larga duración, S Pen incluida, diseño metálico delgado, doble bocina AKG, gris Oxford (Reacondicionada)",tablet,Available,4295.17,4295.17,0.0,0.0,No,False,False,https://m.media-amazon.com/images/I/718B6zl+b6L._AC_UL320_.jpg,439.0,4.4,Samsung_Tabs,2024-12-12
"SAMSUNG Galaxy Tab A9 (SM-X115), 64GB 4GB RAM, 4G LTE + WiFi, GSM desbloqueado de fábrica, versión internacional (azul marino)",tablet,Available,3166.74,3428.93,262.19,7.65,Yes,False,False,https://m.media-amazon.com/images/I/51sbL5feI7L._AC_UL320_.jpg,5.0,4.5,Samsung_Tabs,2024-12-12
"SAMSUNG Galaxy Tab S9 FE+ Plus Tablet Android de 12.4 Pulgadas y 256 GB, batería de Larga duración, procesador Potente, lápiz S, cámara de 8 MP, diseño Ligero y Duradero, Almacenamiento expandible,",tablet,Available,12597.35,16459.0,3861.65,23.46,Yes,False,False,https://m.media-amazon.com/images/I/61VWKpk0YzL._AC_UL320_.jpg,2074.0,4.6,Samsung_Tabs,2024-12-12
"Lenovo Tab M10 | 10.1"" WUXGA Unisoc T610 4GB RAM 64GB | Dual Speaker Dolby Atmos, Cámara 8.0MP Frontal 5.0MP | Android 11",tablet,Available,3495.0,3899.0,404.0,10.36,Yes,False,False,https://m.media-amazon.com/images/I/61lnNweFKVL._AC_UL320_.jpg,58.0,4.2,Samsung_Tabs,2024-12-12
Samsung Tablet Galaxy S9 FE 8GB 256GB Gris,tablet,Out of Stock,,0.0,404.0,10.36,Yes,False,False,https://m.media-amazon.com/images/I/41pB+CA05qL._AC_UL320_.jpg,71.0,4.2,Samsung_Tabs,2024-12-12
"SAMSUNG Galaxy Tab A9 4G LTE (64 GB, 4 GB, Celular) Tablet Android de 8.7 Pulgadas, Octa-Core (6 NM), Altavoces Dobles (Modelo Internacional Totalmente Desbloqueado para Mexico y Global) X115",tablet,Available,3465.77,3465.77,0.0,0.0,No,False,False,https://m.media-amazon.com/images/I/51HL5sz4keL._AC_UL320_.jpg,60.0,4.3,Samsung_Tabs,2024-12-12
"SAMSUNG Galaxy Tab A9+ 11 pulgadas 64GB Wi-Fi Android Tablet, visualización grande, altavoces cuádruple, chipset mejorado, visualización multiventana, diseño delgado, ligero, duradero, versión de EE.",tablet,Available,3527.63,3527.63,0.0,0.0,No,False,False,https://m.media-amazon.com/images/I/51OMSBpi6mL._AC_UL320_.jpg,43.0,4.4,Samsung_Tabs,2024-12-12
"SAMSUNG Galaxy Tab S7 FE 128 GB 12.4"" visualización WiFi Android Tablet - Mystic Green (reacondicionado)",tablet,Available,6255.21,6255.21,0.0,0.0,No,False,False,https://m.media-amazon.com/images/I/81wfWokJJPL._AC_UL320_.jpg,4.0,5.0,Samsung_Tabs,2024-12-12
"Tablet Samsung Galaxy Tab S8 Android, visualización LCD de 11 pulgadas, almacenamiento de 128 GB, productividad DeX, Qualcomm Snapdragon, S Pen incluido, batería para todo el día, cámara ultra ancha,",tablet,Available,7733.92,7733.92,0.0,0.0,No,False,False,https://m.media-amazon.com/images/I/61oBVRcipDL._AC_UL320_.jpg,207.0,4.4,Samsung_Tabs,2024-12-12
"SAMSUNG Galaxy Tab S6 Lite 2024 (128 GB, incluye S-Pen y cubierta de libro) 10.4 pulgadas Full HD, Android 14, modo Dex, Exynos 1280 5nm, batería todo el día Wi-Fi Tablet SM-P620 Modelo internacional",tablet,Available,6770.33,6770.33,0.0,0.0,No,False,False,https://m.media-amazon.com/images/I/51o9v6+jiTL._AC_UL320_.jpg,8.0,3.8,Samsung_Tabs,2024-12-12
"Samsung Galaxy Tab S7 (tableta 5G) LTE/WiFi (AT&T), Mystic Black - 128 GB (modelo 2020 - Versión de EE. UU. y garantía) - SM-T878UZKAATT (renovado)",tablet,Available,8730.16,8730.16,0.0,0.0,No,False,False,https://m.media-amazon.com/images/I/41OeG8nbhYS._AC_UL320_.jpg,11.0,4.0,Samsung_Tabs,2024-12-12
"SAMSUNG Tablet A7 Lite 32Gb 8.7"" Gris SM-T220NZAAXAR",tablet,Available,2753.58,2753.58,0.0,0.0,No,False,False,https://m.media-amazon.com/images/I/819hAP4xoGS._AC_UL320_.jpg,14499.0,4.7,Samsung_Tabs,2024-12-12
"Compaq Tab Pro 8 256 GB (128 exp) + Teclado + audifonos Noise Cancelling + Stylus Pen de Regalo I LCD 10.95"" I Android 13 I Qualcomm Snapdragon 680 I LTE I Camara Trasera 13Mp I 7000 mAh",tablet,Available,5999.0,7999.0,2000.0,25.0,Yes,False,False,https://m.media-amazon.com/images/I/51g9pBtBkhL._AC_UL320_.jpg,34.0,4.3,Samsung_Tabs,2024-12-12
"FUWEN 2PCS Puntas de Repuesto de aleación Titanio antidesgaste, Puntas de Repuesto compatibles para Samsung Tab S6 /S7/S8/S9/Note10/S22, lápiz Capacitivo de Control preciso, con Herramienta de Pinzas",tablet,Available,199.0,199.0,0.0,0.0,No,False,False,https://m.media-amazon.com/images/I/51Uxpg2p8SL._AC_UL320_.jpg,33.0,4.1,Samsung_Tabs,2024-12-12
"Acer Tablet ICONIA Tab A10 10.1"", 4 GB RAM, 64 GB, Android 12, Mediatek MTK MT8168, Quad-Core Arm",tablet,Available,1799.0,1799.0,0.0,0.0,No,False,False,https://m.media-amazon.com/images/I/51VG-vm5MiL._AC_UL320_.jpg,18.0,4.2,Samsung_Tabs,2024-12-12
"SAMSUNG Galaxy Tab A SM-T387 8"" Tablet - 32 GB Storage - WiFi and Verizon 4G - Black - (Renewed)",tablet,Available,1658.7,1658.7,0.0,0.0,No,False,False,https://m.media-amazon.com/images/I/81tytTAqCOL._AC_UL320_.jpg,389.0,3.7,Samsung_Tabs,2024-12-12
"Samsung Galaxy Tab A9 (SM-X110), 64GB 4GB RAM, solo WiFi, versión internacional (paquete de cargador de pared de 15W) (gris)",tablet,Available,3115.78,3115.78,0.0,0.0,No,False,False,https://m.media-amazon.com/images/I/51HL5sz4keL._AC_UL320_.jpg,205.0,3.8,Samsung_Tabs,2024-12-12
"SAMSUNG - Tableta Galaxy Tab S6 Lite de 10,4 Pulgadas, 64 GB, WiFi, Gris Oxford, SM-P610NZAAXAR, S Pen Incluido (renovado)",tablet,Available,4282.62,4282.62,0.0,0.0,No,False,False,https://m.media-amazon.com/images/I/61-gynMDmiL._AC_UL320_.jpg,821.0,4.4,Samsung_Tabs,2024-12-12
Samsung Tab A7 Lite 8.7 Gris 32GB (SM-T220NZAAXAR) (Reacondicionado),tablet,Available,2391.42,2391.42,0.0,0.0,No,False,False,https://m.media-amazon.com/images/I/819hAP4xoGS._AC_UL320_.jpg,711.0,4.1,Samsung_Tabs,2024-12-12
"HUAWEI MatePad 11.5"" S,144Hz 2.8K, 8G+256G, NearLink, PaperMatte Edition, Tablet con Teclado, Gris",tablet,Available,7443.34,10999.0,3555.66,32.33,Yes,False,False,https://m.media-amazon.com/images/I/71oBwhqNO8L._AC_UL320_.jpg,2.0,5.0,Samsung_Tabs,2024-12-12
"SAMSUNG Galaxy Tab S9+ Plus 12.4 pulgadas 512 GB, tablet WiFi 6E Android, procesador Snapdragon 8 Gen2, visualización AMOLED, bolígrafo S, clasificación IP68, versión de EE. UU., 2023, grafito",tablet,Available,15885.36,15885.36,0.0,0.0,No,False,False,https://m.media-amazon.com/images/I/71RXkwrLY4L._AC_UL320_.jpg,14.0,4.5,Samsung_Tabs,2024-12-12
"Apple iPad, 10.2 pulgadas, Wi-Fi, último modelo, , Wi-Fi, Gris espacial, 32 GB SSD(Reacondicionado)",another,Available,4299.82,4299.82,0.0,0.0,No,False,False,https://m.media-amazon.com/images/I/81IjVvOXGdL._AC_UL320_.jpg,8264.0,4.2,Samsung_Tabs,2024-12-12
USTIYA Funda para Samsung Galaxy Tab A9 y LTE X110/X115 8.7 Pulgadas (No para A9+/A9 Plus) Carcasa Cuero Protectora PC+PU Smart Cover (Negro),case,Available,175.12,199.0,23.88,12.0,Yes,False,False,https://m.media-amazon.com/images/I/81v9poK1EWL._AC_UL320_.jpg,132.0,4.6,Samsung_Tabs,2024-12-12
"SAMSUNG Galaxy Tab S7 FE 2021 - Tablet Android de 12.4 Pulgadas, WiFi 64 GB, bolígrafo S Incluido batería de Larga duración, Rendimiento Potente, Negro místico (reacondicionado)",tablet,Available,6403.95,6403.95,0.0,0.0,No,False,False,https://m.media-amazon.com/images/I/91pjZAMbEUS._AC_UL320_.jpg,619.0,4.4,Samsung_Tabs,2024-12-12
"Samsung Galaxy Tab S7 FE 12.4"" 128GB T733 WiFi solo (reacondicionado)",tablet,Available,5728.28,6632.63,904.35,13.63,Yes,False,False,https://m.media-amazon.com/images/I/81pvrghQpzL._AC_UL320_.jpg,24.0,4.7,Samsung_Tabs,2024-12-12
"SAMSUNG Tablet Galaxy Tab A9+ 11"" 4GB 64GB Octa Core Android 13 Gris SM-X210NZAAMXO Garantia con Fabricante",tablet,Available,3549.0,3549.0,0.0,0.0,No,False,False,https://m.media-amazon.com/images/I/51G-9TUm1uL._AC_UL320_.jpg,0.0,,Samsung_Tabs,2024-12-12
"Samsung Galaxy Tab S6 Lite 10.4"" 128Gb - Angora Blue (reacondicionado)",tablet,Available,5032.57,5032.57,0.0,0.0,No,False,False,https://m.media-amazon.com/images/I/61nRgHdh3QL._AC_UL320_.jpg,26.0,4.8,Samsung_Tabs,2024-12-12
"Acer Tablet Iconia Tab M10 | 10.1"" WUXGA 1920 x 1200 IPS Touch | RAM 4GB, 64GB | Android 12 | CPU M8183C Quad-Core | Cámara Delantera de 5MP y Trasera de 8MP | Incluye Funda Protectora",tablet,Available,2499.0,3999.0,1500.0,37.51,Yes,False,False,https://m.media-amazon.com/images/I/61GwBF-EoVL._AC_UL320_.jpg,51.0,4.5,Samsung_Tabs,2024-12-12
"Samsung Galaxy Tab S9 FE+ 12.4 pulgadas 256 GB+12 GB RAM Android Tablet, IP68 resistente al agua y al polvo, batería de larga duración, lápiz S, cámara de 8 MP, 2023 (gris)",tablet,Available,12897.73,12897.73,0.0,0.0,No,False,False,https://m.media-amazon.com/images/I/415C4cU8YML._AC_UL320_.jpg,9.0,3.7,Samsung_Tabs,2024-12-12
"LAMA Retroiluminado Funda con Teclado para Samsung Galaxy S6 Lite 10.4"" Funda con Teclado Desmontable con Soporte para S Pen para Galaxy S6 Lite 10.4"" 2020/2022 (SM-P610/P615/P613/P619), Rosa",case,Available,558.99,558.99,0.0,0.0,No,False,False,https://m.media-amazon.com/images/I/71F4Wx-GxPL._AC_UL320_.jpg,510.0,4.6,Samsung_Tabs,2024-12-12
"Compaq Tab Pro 8 256 GB (128 exp) + Teclado + audifonos Noise Cancelling + Stylus Pen de Regalo I LCD 10.95"" I Android 13 I Qualcomm Snapdragon 680 I LTE I Camara Trasera 13Mp I 7000 mAh",tablet,Available,5999.0,7999.0,2000.0,25.0,Yes,False,False,https://m.media-amazon.com/images/I/51g9pBtBkhL._AC_UL320_.jpg,34.0,4.3,Samsung_Tabs,2024-12-12
"YAPANIZCEL Funda Compatible con Samsung Galaxy Tab A9 8.7"" (SM-X115N, SM-X110N) 8.7 Pulgadas, Soporte lápiz S Pen + Stand, Correa Uso rudo Reforzada (Negro)",case,Available,351.1,399.0,47.9,12.01,Yes,False,False,https://m.media-amazon.com/images/I/61JmhtQ9JaL._AC_UL320_.jpg,24.0,4.9,Samsung_Tabs,2024-12-12
"Bigqin 3 Piezas Pantalla Protector Compatible Con Samsung Galaxy Tab A9 8.7"" SM-X110 SM-X115, 9H Película Cristal Vidrio Templado HD Transparente Resistente Los Arañazos",tablet,Available,177.54,208.88,31.34,15.0,Yes,False,False,https://m.media-amazon.com/images/I/71JmMth8eEL._AC_UL320_.jpg,34.0,4.3,Samsung_Tabs,2024-12-12
"Bigqin 2 Piezas Pantalla Protector Compatible Con Samsung Galaxy Tab A7 Lite 8.7"" SM-T220 SM-T225, 9H Película Cristal Vidrio Templado HD Transparente Resistente Los Arañazos",tablet,Available,108.88,108.88,0.0,0.0,No,False,False,https://m.media-amazon.com/images/I/81-LeYrGnOL._AC_UL320_.jpg,50.0,4.4,Samsung_Tabs,2024-12-12
"Compaq Tableta QTAB Plus 10.1"" I 6 GB RAM -128 GB ROM Incluye Teclado/Funda I Android 14 I WiFi **Version 2025**",case,Available,3999.0,4999.0,1000.0,20.0,Yes,False,False,https://m.media-amazon.com/images/I/51dMLDkEy0L._AC_UL320_.jpg,55.0,4.4,Samsung_Tabs,2024-12-12
"YAPANIZCEL 2 Micas Cristal templado para Samsung Galaxy Tab A9 8.7""(SM-X110, SM-X115), Mica Screen Protector Transparente Vidrio Cristal Templado de Pantalla. (2 Micas)",tablet,Available,175.99,199.99,24.0,12.0,Yes,False,False,https://m.media-amazon.com/images/I/61GXNxbUz9L._AC_UL320_.jpg,2.0,5.0,Samsung_Tabs,2024-12-12
